Id,class_0,class_1
00eed32682bb,0.999975322035757,2.4677964243010257e-05
010ebe33f668,0.999975322035757,2.4677964243010257e-05
02fa521e1838,0.999975322035757,2.4677964243010257e-05
040e15f562a2,0.999975322035757,2.4677964243010257e-05
046e85c7cc7f,0.999975322035757,2.4677964243010257e-05
